pes_id,generation_mw,Date1,Time1
0,0.0,2021-08-03,00:00:00
0,0.0,2021-08-03,01:00:00
0,0.0,2021-08-03,02:00:00
0,0.0,2021-08-03,03:00:00
0,0.0,2021-08-03,04:00:00
0,23.1,2021-08-03,05:00:00
0,652.0,2021-08-03,06:00:00
0,1810.0,2021-08-03,07:00:00
0,2930.0,2021-08-03,08:00:00
0,4420.0,2021-08-03,09:00:00
0,5720.0,2021-08-03,10:00:00
0,6610.0,2021-08-03,11:00:00
0,6520.0,2021-08-03,12:00:00
0,6370.0,2021-08-03,13:00:00
0,5940.0,2021-08-03,14:00:00
0,4910.0,2021-08-03,15:00:00
0,3680.0,2021-08-03,16:00:00
0,2590.0,2021-08-03,17:00:00
0,1320.0,2021-08-03,18:00:00
0,395.0,2021-08-03,19:00:00
0,11.6,2021-08-03,20:00:00
0,0.882,2021-08-03,21:00:00
0,0.0,2021-08-03,22:00:00
0,0.0,2021-08-03,23:00:00
